TIMESTAMP,2014-06-20_13:45~PRACTICEAPI~MAIN~REQUESTCREATE:_RESPONSESIZE~AVERAGE,2014-06-20_13:45~PRACTICEAPI~MAIN~REQUESTCREATE:_TIMETAKEN~STD_DEV,2014-06-20_13:45~PRACTICEAPILOADTEST0620~MAIN~REQUESTS~PER_SECOND,2014-06-20_13:45~PRACTICEAPI~MAIN~REQUESTCREATE:_TIMETAKEN~MEDIAN,2014-06-20_13:45~PRACTICEAPI~MAIN~COMPLETED~PER_SECOND,2014-06-20_13:45~PRACTICEAPI~MAIN~REQUESTCREATE:_TIMETAKEN~AVERAGE,2014-06-20_13:45~PRACTICEAPI~MAIN~TIME_TAKEN~AVERAGE,2014-06-20_13:45~PRACTICEAPI~MAIN~THROUGHPUT~TPS,2014-06-20_13:45~PRACTICEAPI~MAIN~REQUESTCREATE:_RESPONSESIZE~PERCENTILE_75TH,2014-06-20_13:45~PRACTICEAPI~MAIN~REQUESTCREATE:_RESPONSESIZE~STD_DEV,2014-06-20_13:45~PRACTICEAPI~MAIN~REQUESTCREATE:_TIMETAKEN~PERCENTILE_75TH,2014-06-20_13:45~PRACTICEAPI~MAIN~RUNNING~VALUE,2014-06-20_13:45~PRACTICEAPI~MAIN~REQUESTCREATE:_TIMETAKEN~PERCENTILE_90TH,2014-06-20_13:45~PRACTICEAPI~MAIN~REQUESTCREATE:_RESPONSESIZE~PERCENTILE_25TH,2014-06-20_13:45~PRACTICEAPI~MAIN~REQUESTCREATE:_RESPONSESIZE~PERCENTILE_90TH
00:00:00,,,0.0,,,,,,,,,,,,
00:00:01,,,4.0,,,,,,,,,1.997,,,
00:00:02,,,3.0,,,,,,,,,5.0,,,
00:00:03,,,3.0,,,,,,,,,8.0,,,
00:00:04,,,3.0,,,,,,,,,11.0,,,
00:00:05,,,3.0,,,,,,,,,13.999,,,
00:00:06,123.0,0.0,3.0,889.0,,889.0,,,123.0,0.0,889.0,16.999,889.0,123.0,123.0
00:00:07,123.0,1888.9449296812284,3.0,3053.0,,2979.0,,,123.0,0.0,4551.0,19.997,5446.0,123.0,123.0
00:00:08,123.0,267.6734989512715,3.0,46.0,,249.57142857142858,,,123.0,0.0,417.0,22.997,563.0000000000001,123.0,123.0
00:00:09,123.0,146.67130674478298,3.0,27.5,,92.16666666666667,,,123.0,0.0,32.0,26.0,226.5,123.0,123.0
00:00:10,123.0,10.49571341072154,3.0,25.0,,30.2,,,123.0,0.0,31.0,29.002,42.400000000000006,123.0,123.0
00:00:11,,,3.0,,,,,,,,,31.996,,,
00:00:12,123.0,6.79869268479038,3.0,26.0,,26.333333333333332,,,123.0,0.0,32.5,34.971,34.0,123.0,123.0
00:00:13,123.0,314.0115443737698,3.0,47.5,,245.5,,,123.0,0.0,413.25,37.997,588.8999999999999,123.0,123.0
00:00:14,123.0,1677.5,3.0,1704.5,,1704.5,,,123.0,0.0,2543.25,40.58,3046.5,123.0,123.0
00:00:15,123.0,929.5943184738037,3.0,166.0,,392.7857142857143,,,123.0,0.0,186.75,43.998,378.4000000000003,123.0,123.0
00:00:16,123.0,27.807373122968663,2.0,30.0,,41.5,,,123.0,0.0,42.0,46.978,68.99999999999999,123.0,123.0
00:00:17,123.0,941.0430383356545,4.0,42.0,,441.6666666666667,,,123.0,0.0,326.0,49.962,905.4000000000004,123.0,123.0
00:00:18,123.0,1304.6678456603427,3.0,30.0,,782.25,,,123.0,0.0,783.0,52.996,2138.4000000000005,123.0,123.0
00:00:19,123.0,899.2353696335571,3.0,48.5,,565.5,,,123.0,0.0,571.25,55.991,1502.3000000000004,123.0,123.0
00:00:20,,,3.0,,,,,,,,,58.989,,,
00:00:21,123.0,353.42947037923193,3.0,113.0,,302.38461538461536,,,123.0,0.0,409.0,62.0,907.6000000000004,123.0,123.0
00:00:22,123.0,1122.7259609242735,3.0,49.0,,603.5,,,123.0,0.0,291.75,64.931,1735.5,123.0,123.0
00:00:23,123.0,1004.878475239668,3.0,41.5,,456.0,,,123.0,0.0,136.0,68.0,1162.2999999999995,123.0,123.0
00:00:24,123.0,102.79713031014047,2.0,30.0,,69.0,,,123.0,0.0,41.0,71.001,134.89999999999995,123.0,123.0
00:00:25,123.0,103.22305943925514,4.0,38.5,,74.5,,,123.0,0.0,50.5,73.918,140.19999999999993,123.0,123.0
00:00:26,123.0,1153.3581368055359,3.0,70.0,,669.0909090909091,,,123.0,0.0,417.5,76.946,3087.0,123.0,123.0
00:00:27,,,2.0,,,,,,,,,80.0,,,
00:00:28,123.0,759.8049749771319,4.0,343.0,,636.0,,,123.0,0.0,351.0,83.001,1422.0000000000002,123.0,123.0
00:00:29,123.0,157.80860418733687,3.0,38.5,,139.33333333333334,,,123.0,0.0,267.0,85.996,361.5,123.0,123.0
00:00:30,123.0,26.637947498138445,3.0,26.0,,42.55555555555556,,,123.0,0.0,62.0,88.965,77.8,123.0,123.0
00:00:31,123.0,2651.2859177673536,3.0,138.0,,1593.4615384615386,,,123.0,0.0,3071.0,91.997,3853.6000000000004,123.0,123.0
00:00:32,123.0,369.07050816883213,3.0,89.0,,298.6,,,123.0,0.0,357.0,94.972,739.8000000000001,123.0,123.0
00:00:33,123.0,752.7249755979198,3.0,365.0,,653.3333333333334,,,123.0,0.0,792.0,97.996,1560.5,123.0,123.0
00:00:34,123.0,3369.3072977492966,0.0,18.5,,1525.0,,,123.0,0.0,19.0,100.0,4539.0,123.0,123.0
00:00:35,123.0,179.77082916982988,0.0,34.0,,177.85714285714286,,,123.0,0.0,374.5,100.0,391.6,123.0,123.0
00:00:36,,,0.0,,,,,,,,,100.0,,,
00:00:37,123.0,4270.121343207274,0.0,356.0,,2857.0,,,123.0,0.0,3608.0,100.0,8528.400000000001,123.0,123.0
00:00:38,123.0,270.45182103287823,0.0,80.5,,166.75,,,123.0,0.0,96.5,100.0,439.70000000000016,123.0,123.0
00:00:39,123.0,20.113676938839404,0.0,18.0,,27.8,,,123.0,0.0,19.0,100.0,48.400000000000006,123.0,123.0
00:00:40,,,0.0,,,,,,,,,100.0,,,
00:00:41,123.0,1562.8223617465294,0.0,59.0,,999.625,,10.0,123.0,0.0,1277.0,100.0,2895.7999999999993,123.0,123.0
00:00:42,123.0,2829.759785643376,0.0,58.0,,1094.3333333333333,,1.0,123.0,0.0,101.0,100.0,2155.000000000002,123.0,123.0
00:00:43,123.0,6.209669878504009,0.0,18.0,,22.2,,2.0,123.0,0.0,23.0,100.0,29.6,123.0,123.0
00:00:44,123.0,118.61534470716678,0.0,31.0,,86.0,,2.0,123.0,0.0,33.0,100.0,207.00000000000003,123.0,123.0
00:00:45,123.0,111.24697249313749,0.0,23.0,,75.33333333333333,,0.0,123.0,0.0,42.0,100.0,185.5,123.0,123.0
00:00:46,123.0,121.431050394864,0.0,32.5,,98.0,,0.0,123.0,0.0,105.5,100.0,227.00000000000006,123.0,123.0
00:00:47,,,0.0,,,,,5.0,,,,100.0,,,
00:00:48,123.0,23.89517925935553,0.0,25.0,,36.857142857142854,,0.0,123.0,0.0,43.5,100.0,65.60000000000001,123.0,123.0
00:00:49,,,0.0,,,,,0.0,,,,100.0,,,
00:00:50,123.0,658.2361962092331,0.0,18.5,,283.1,,0.0,123.0,0.0,50.0,100.0,587.2999999999994,123.0,123.0
00:00:51,123.0,6.4031242374328485,0.0,23.0,,24.0,,0.0,123.0,0.0,28.5,100.0,31.200000000000003,123.0,123.0
00:00:52,123.0,439.1073331202748,0.0,30.0,,279.5,,1.0,123.0,0.0,284.75,100.0,737.9000000000002,123.0,123.0
00:00:53,123.0,949.5682370081119,0.0,32.0,,415.14285714285717,,0.0,123.0,0.0,39.0,100.0,1121.000000000001,123.0,123.0
00:00:54,,,0.0,,,,,0.0,,,,100.0,,,
00:00:55,123.0,410.4077613937691,0.0,36.0,,341.42857142857144,,0.0,123.0,0.0,644.5,100.0,956.6,123.0,123.0
00:00:56,123.0,27.226187873487703,0.0,31.0,,41.142857142857146,,1.0,123.0,0.0,50.5,100.0,73.80000000000001,123.0,123.0
00:00:57,123.0,110.3836743162482,0.0,20.5,,74.66666666666667,,0.0,123.0,0.0,44.25,100.0,186.0,123.0,123.0
00:00:58,,,0.0,,,,,1.0,,,,100.0,,,
00:00:59,123.0,660.5796743564242,0.0,85.0,,374.77777777777777,,1.0,123.0,0.0,326.0,100.0,726.6000000000004,123.0,123.0
00:01:00,123.0,16.181470884935027,0.0,19.0,,27.4,,0.0,123.0,0.0,26.0,100.0,45.800000000000004,123.0,123.0
00:01:01,123.0,1537.1695489510005,0.0,25.5,0.0,888.3333333333334,17963.0,1.0,123.0,0.0,769.5,100.0,2622.5,123.0,123.0
00:01:02,,,1.0,,1.0,,,2.0,,,,99.971,,,
00:01:03,98.4,363.8673384627975,0.0,18.0,0.0,195.4,,0.0,123.0,49.2,19.0,100.0,561.4000000000001,123.0,123.0
00:01:04,123.0,737.2332170531456,0.0,24.0,0.0,329.42857142857144,,0.0,123.0,0.0,45.5,100.0,888.2000000000007,123.0,123.0
00:01:05,123.0,295.7440501681759,0.0,24.0,0.0,213.88888888888889,,0.0,123.0,0.0,394.0,100.0,530.6000000000001,123.0,123.0
00:01:06,,,0.0,,0.0,,,0.0,,,,100.0,,,
00:01:07,123.0,0.9797958971132712,0.0,18.0,0.0,17.8,,2.0,123.0,0.0,18.0,100.0,18.6,123.0,123.0
00:01:08,,,0.0,,0.0,,,0.0,,,,100.0,,,
00:01:09,,,0.0,,0.0,,77.0,0.0,,,,100.0,,,
00:01:10,,,1.0,,1.0,,,0.0,,,,99.992,,,
00:01:11,,,0.0,,0.0,,,0.0,,,,100.0,,,
00:01:12,,,0.0,,0.0,,,0.0,,,,100.0,,,
00:01:13,123.0,244.5,0.0,679.5,0.0,679.5,,0.0,123.0,0.0,801.75,100.0,875.1,123.0,123.0
00:01:14,123.0,1584.3430608342312,0.0,2769.0,0.0,2908.8055555555557,,1.0,123.0,0.0,4168.0,100.0,5091.0,123.0,123.0
00:01:15,123.0,320.1376617159868,0.0,648.0,0.0,713.1428571428571,,0.0,123.0,0.0,899.0,100.0,1116.8000000000002,123.0,123.0
00:01:16,,,1.0,,1.0,,0.0,2.0,,,,99.995,,,
00:01:17,102.5,113.02359635639513,0.0,43.0,0.0,86.0,,0.0,123.0,45.83939353874569,65.25,100.0,203.0,123.0,123.0
00:01:18,123.0,451.3390743110993,0.0,64.0,0.0,413.8,,0.0,123.0,0.0,941.0,100.0,971.0,123.0,123.0
00:01:19,,,0.0,,0.0,,,0.0,,,,100.0,,,
00:01:20,123.0,1313.4166085062272,0.0,61.0,0.0,807.25,,0.0,123.0,0.0,820.75,100.0,2177.5000000000005,123.0,123.0
00:01:21,123.0,0.0,0.0,22.0,0.0,22.0,,0.0,123.0,0.0,22.0,100.0,22.0,123.0,123.0
00:01:22,123.0,591.6415194186426,0.0,21.5,0.0,362.25,,0.0,123.0,0.0,364.0,100.0,977.8000000000003,123.0,123.0
00:01:23,,,1.0,,1.0,,22855.0,0.0,,,,99.995,,,
00:01:24,107.625,318.55415552147485,0.0,25.5,0.0,196.5,123.0,3.0,123.0,40.67842640761808,166.5,100.0,626.3999999999999,123.0,123.0
00:01:25,123.0,12.577261228105266,1.0,29.0,1.0,32.75,,3.0,123.0,0.0,38.0,99.999,47.0,123.0,123.0
00:01:26,123.0,1.9390719429665317,0.0,18.0,0.0,19.2,,0.0,123.0,0.0,21.0,100.0,21.6,123.0,123.0
00:01:27,123.0,148.55465113889906,0.0,18.5,0.0,104.375,,0.0,123.0,0.0,105.0,100.0,357.3,123.0,123.0
00:01:28,123.0,839.7139036600502,0.0,37.0,0.0,645.6,,0.0,123.0,0.0,1016.0,100.0,1689.8000000000002,123.0,123.0
00:01:29,123.0,461.0,0.0,480.0,0.0,480.0,,0.0,123.0,0.0,710.5,100.0,848.8000000000001,123.0,123.0
00:01:30,123.0,121.99237225699353,0.0,38.0,0.0,91.16666666666667,,0.0,123.0,0.0,69.0,100.0,217.0,123.0,123.0
00:01:31,123.0,352.00256470025266,1.0,35.0,2.0,191.83333333333334,8809.0,0.0,123.0,0.0,61.25,99.998,522.5,123.0,123.0
00:01:32,123.0,440.7269247756736,1.0,173.0,0.0,396.6666666666667,,0.0,123.0,0.0,775.0,99.999,999.0,123.0,123.0
00:01:33,,,1.0,,1.0,,591.0,0.0,,,,99.999,,,
00:01:34,123.0,8.97063109386526,0.0,42.0,0.0,40.833333333333336,,0.0,123.0,0.0,49.75,100.0,50.0,123.0,123.0
00:01:35,123.0,439.7450018666121,0.0,223.0,0.0,420.0,,0.0,123.0,0.0,851.5,100.0,1012.0,123.0,123.0
00:01:36,123.0,1049.8338625177266,0.0,391.5,0.0,818.1666666666666,,0.0,123.0,0.0,858.25,100.0,2030.5,123.0,123.0
00:01:37,,,0.0,,0.0,,,1.0,,,,100.0,,,
00:01:38,123.0,0.816496580927726,0.0,18.0,0.0,18.0,22176.0,0.0,123.0,0.0,18.5,100.0,18.8,123.0,123.0
00:01:39,123.0,14.379690893898994,1.0,18.0,1.0,26.285714285714285,20040.0,2.0,123.0,0.0,33.5,99.999,49.0,123.0,123.0
00:01:40,105.42857142857143,106.17736412748823,1.0,21.0,1.0,61.714285714285715,,3.0,123.0,43.04103405176155,26.5,99.998,144.6000000000001,123.0,123.0
00:01:41,123.0,893.1353480856079,0.0,181.5,0.0,637.5,38177.0,0.0,123.0,0.0,788.25,100.0,2152.2,123.0,123.0
00:01:42,105.42857142857143,1057.3559630763243,1.0,19.0,1.0,499.7142857142857,9441.0,0.0,123.0,43.04103405176155,185.0,99.996,1440.200000000001,123.0,123.0
00:01:43,98.4,120.83807347024364,1.0,19.0,1.0,78.4,,0.0,123.0,49.2,36.0,99.998,205.8,123.0,123.0
00:01:44,,,2.0,,2.0,,6241.5,0.0,,,,99.999,,,
00:01:45,98.4,125.79507144558566,0.0,21.0,0.0,79.0,202.0,1.0,123.0,49.2,25.0,100.0,208.00000000000003,123.0,123.0
00:01:46,123.0,1078.4465017528023,1.0,31.0,2.0,542.0,,0.0,123.0,0.0,267.0,99.996,1547.200000000001,123.0,123.0
00:01:47,123.0,937.1166808190898,1.0,89.0,0.0,450.57142857142856,,0.0,123.0,0.0,131.5,99.999,1187.200000000001,123.0,123.0
00:01:48,123.0,0.4330127018922193,0.0,20.0,0.0,19.75,30031.0,0.0,123.0,0.0,20.0,100.0,20.0,123.0,123.0
00:01:49,237.33333333333334,2270.0730837476476,2.0,41.0,2.0,1061.1666666666667,,0.0,380.25,161.69175063132386,76.5,99.999,3112.5,123.0,466.0
00:01:50,466.0,321.5297618496646,0.0,14.0,0.0,189.57142857142858,,4.0,466.0,0.0,170.0,100.0,567.8000000000002,466.0,466.0
00:01:51,466.0,15.077577170531523,2.0,17.5,2.0,25.0,15335.5,0.0,466.0,0.0,28.25,99.998,43.5,466.0,466.0
00:01:52,431.7,89.47714792057243,0.0,64.0,0.0,87.2,,0.0,466.0,102.90000000000002,75.0,100.0,114.09999999999991,466.0,466.0
00:01:53,466.0,850.1973300357982,0.0,369.5,0.0,734.0,,0.0,466.0,0.0,853.5,100.0,1651.8000000000004,466.0,466.0
00:01:54,351.6666666666667,2659.6861970290156,1.0,931.0,1.0,2335.0,26966.0,0.0,466.0,161.69175063132386,3495.0,99.996,5033.400000000001,294.5,466.0
00:01:55,,,0.0,,1.0,,51410.0,0.0,,,,100.0,,,
00:01:56,388.3333333333333,130.7866158629731,1.0,13.5,0.0,77.16666666666667,,0.0,466.0,173.6679462524837,45.5,99.996,211.5,466.0,466.0
00:01:57,466.0,0.0,0.0,147.0,0.0,147.0,,0.0,466.0,0.0,147.0,100.0,147.0,466.0,466.0
00:01:58,432.7142857142857,271.98376489663303,1.0,70.5,1.0,170.21428571428572,43660.0,0.0,466.0,120.0133495975871,97.5,99.997,385.1000000000001,466.0,466.0
00:01:59,331.1666666666667,20.00347192086636,0.0,20.0,1.0,25.833333333333332,48170.0,0.0,466.0,193.96083510738853,40.25,100.0,51.5,208.75,466.0
00:02:00,349.5,132.2637043939115,1.0,16.5,0.0,87.25,47766.0,0.0,466.0,201.7839190817742,94.0,99.998,227.20000000000005,349.5,466.0
00:02:01,466.0,446.95216746314145,1.0,14.0,1.0,378.6,,0.0,466.0,0.0,924.0,99.999,926.4,466.0,466.0
00:02:02,,,0.0,,0.0,,,3.0,,,,100.0,,,
00:02:03,466.0,13.30100246848585,0.0,14.5,0.0,20.5,,0.0,466.0,0.0,17.25,100.0,34.0,466.0,466.0
00:02:04,372.8,1874.3143386315967,0.0,14.0,0.0,949.4,54437.0,0.0,466.0,186.39999999999998,23.0,100.0,2828.0000000000005,466.0,466.0
00:02:05,466.0,2675.812921971271,2.0,22.0,2.0,876.5454545454545,,3.0,466.0,0.0,56.0,99.996,66.0,466.0,466.0
00:02:06,407.75,344.73574571691864,0.0,37.5,0.0,241.625,30262.5,2.0,466.0,154.1150138695124,354.25,100.0,627.6999999999999,466.0,466.0
00:02:07,,,1.0,,1.0,,,0.0,,,,99.998,,,
00:02:08,466.0,0.0,1.0,21.0,1.0,21.0,34340.0,0.0,466.0,0.0,21.0,99.999,21.0,466.0,466.0
00:02:09,397.4,11.568923891183656,0.0,30.0,0.0,28.4,,0.0,466.0,137.20000000000002,34.0,100.0,41.2,466.0,466.0
00:02:10,427.8888888888889,839.1073299114429,0.0,331.0,0.0,669.3333333333334,,5.0,466.0,107.79450042088258,949.0,100.0,2141.0,466.0,466.0
00:02:11,466.0,339.9423720669881,0.0,15.0,0.0,156.42857142857142,,0.0,466.0,0.0,26.0,100.0,412.4000000000003,466.0,466.0
00:02:12,,,0.0,,0.0,,,0.0,,,,100.0,,,
00:02:13,,,0.0,,0.0,,,0.0,,,,100.0,,,
00:02:14,466.0,337.4515603098548,1.0,15.0,1.0,169.66666666666666,49495.0,0.0,466.0,0.0,31.75,99.995,480.5,466.0,466.0
00:02:15,,,0.0,,0.0,,,0.0,,,,100.0,,,
00:02:16,294.5,4929.0,0.0,7110.0,0.0,7110.0,,0.0,380.25,171.5,9574.5,100.0,11053.2,208.75,431.7
00:02:17,,,0.0,,0.0,,46154.0,0.0,,,,100.0,,,
00:02:18,,,1.0,,1.0,,,0.0,,,,99.992,,,
00:02:19,466.0,0.0,1.0,616.0,1.0,616.0,58017.0,0.0,466.0,0.0,616.0,100.0,616.0,466.0,466.0
00:02:20,466.0,1410.5257130439506,0.0,2131.0,0.0,2135.6206896551726,,0.0,466.0,0.0,2739.0,99.999,4045.6,466.0,466.0
00:02:21,427.8888888888889,2091.6454506818372,0.0,716.0,0.0,1633.5555555555557,,0.0,466.0,107.79450042088258,774.0,100.0,4576.0,466.0,466.0
00:02:22,,,0.0,,0.0,,,3.0,,,,100.0,,,
00:02:23,466.0,0.0,0.0,21.0,0.0,21.0,,0.0,466.0,0.0,21.0,100.0,21.0,466.0,466.0
00:02:24,,,1.0,,1.0,,62478.0,0.0,,,,99.997,,,
00:02:25,372.8,873.8575627640926,1.0,22.0,1.0,522.6,185.0,0.0,466.0,186.39999999999998,320.0,100.0,1480.4,466.0,466.0
00:02:26,466.0,4398.556426829147,0.0,373.0,0.0,2798.6,,0.0,466.0,0.0,2120.0,100.0,7722.200000000001,466.0,466.0
00:02:27,466.0,3.3541019662496847,1.0,18.5,1.0,18.5,37894.0,0.0,466.0,0.0,20.75,99.996,22.1,466.0,466.0
00:02:28,310.6666666666667,9.463379711052259,1.0,14.0,1.0,12.333333333333334,56410.5,0.0,466.0,219.6745066886208,18.5,99.998,21.2,233.0,466.0
00:02:29,,,1.0,,1.0,,,0.0,,,,99.999,,,
00:02:30,466.0,153.92819393759186,0.0,24.0,0.0,90.33333333333333,,0.0,466.0,0.0,33.0,100.0,233.5,466.0,466.0
00:02:31,466.0,603.0,1.0,617.0,1.0,617.0,73087.0,0.0,466.0,0.0,918.5,99.999,1099.4,466.0,466.0
00:02:32,408.8333333333333,419.19860713297015,0.0,379.0,0.0,424.8333333333333,,0.0,466.0,127.82855271373798,470.5,100.0,880.0,466.0,466.0
00:02:33,351.6666666666667,392.46769152235817,0.0,395.0,0.0,458.6666666666667,,0.0,466.0,161.69175063132386,681.5,100.0,853.4000000000001,294.5,466.0
00:02:34,466.0,2191.706557149716,0.0,61.0,0.0,1374.2857142857142,,0.0,466.0,0.0,1671.5,100.0,4269.000000000001,466.0,466.0
00:02:35,,,0.0,,0.0,,,0.0,,,,100.0,,,
00:02:36,466.0,0.0,0.0,31.0,0.0,31.0,,0.0,466.0,0.0,31.0,100.0,31.0,466.0,466.0
00:02:37,350.42857142857144,44.867150839893945,1.0,49.0,1.0,57.714285714285715,94211.0,0.0,466.0,185.66779637902985,99.0,99.997,116.0,294.5,466.0
00:02:38,466.0,1.0,0.0,14.0,0.0,14.0,,0.0,466.0,0.0,14.5,100.0,14.8,466.0,466.0
00:02:39,310.6666666666667,444.69390221439585,1.0,58.0,2.0,343.0,93937.0,0.0,466.0,219.6745066886208,514.5,99.999,788.4000000000001,233.0,466.0
00:02:40,359.75,355.41746775994125,2.0,89.5,1.0,260.9166666666667,,0.0,466.0,186.2999932903917,370.25,99.998,937.1000000000003,380.25,466.0
00:02:41,466.0,2137.5,0.0,2479.5,0.0,2479.5,,0.0,466.0,0.0,3548.25,100.0,4189.5,466.0,466.0
00:02:42,,,0.0,,0.0,,,0.0,,,,100.0,,,
00:02:43,466.0,179.0,0.0,194.0,0.0,194.0,,0.0,466.0,0.0,283.5,100.0,337.2,466.0,466.0
00:02:44,466.0,292.92317145456417,0.0,67.5,0.0,198.625,74253.66666666667,0.0,466.0,0.0,179.75,100.0,522.1999999999999,466.0,466.0
00:02:45,,,3.0,,3.0,,,0.0,,,,99.995,,,
00:02:46,350.42857142857144,393.8417790671472,0.0,326.0,0.0,377.2857142857143,,0.0,466.0,185.66779637902985,629.5,100.0,950.6,294.5,466.0
00:02:47,368.0,719.1831534200904,0.0,392.0,0.0,697.1428571428571,,0.0,466.0,154.95160534825058,1033.0,100.0,1506.2000000000003,294.5,466.0
00:02:48,,,0.0,,0.0,,,0.0,,,,100.0,,,
00:02:49,466.0,130.30518025005762,0.0,16.0,0.0,80.4,59691.0,0.0,466.0,0.0,17.0,100.0,211.40000000000003,466.0,466.0
00:02:50,388.3333333333333,7.602996485304695,1.0,14.5,1.0,14.166666666666666,,0.0,466.0,173.6679462524837,18.0,99.997,22.0,466.0,466.0
00:02:51,408.8333333333333,777.4300432979305,1.0,32.0,1.0,436.1666666666667,102806.0,0.0,466.0,127.82855271373798,269.5,100.0,1251.0,466.0,466.0
00:02:52,466.0,23.83275057562597,0.0,24.0,0.0,34.0,,0.0,466.0,0.0,41.0,100.0,60.80000000000001,466.0,466.0
00:02:53,,,0.0,,0.0,,,0.0,,,,100.0,,,
00:02:54,466.0,3499.965451258055,0.0,73.0,0.0,2437.8,,0.0,466.0,0.0,3033.0,100.0,6638.400000000001,466.0,466.0
00:02:55,466.0,0.0,0.0,21.0,0.0,21.0,,0.0,466.0,0.0,21.0,100.0,21.0,466.0,466.0
00:02:56,380.25,1128.690613055677,0.0,488.0,0.0,948.0,,0.0,466.0,148.52335674903122,1396.75,100.0,2236.9000000000005,380.25,466.0
00:02:57,,,0.0,,0.0,,,0.0,,,,100.0,,,
00:02:58,466.0,159.10452539132882,0.0,74.0,0.0,143.5,,0.0,466.0,0.0,189.75,100.0,322.50000000000006,466.0,466.0
00:02:59,466.0,11.426091000668407,0.0,15.5,0.0,21.666666666666668,32495.0,0.0,466.0,0.0,24.25,100.0,36.0,466.0,466.0
00:03:00,466.0,409.1772232175198,1.0,980.0,1.0,753.0,,0.0,466.0,0.0,1065.5,99.997,1080.0,466.0,466.0
00:03:01,294.5,343.1329917102114,0.0,96.5,1.0,278.5,103424.0,0.0,466.0,171.5,316.5,100.0,692.5,123.0,466.0
00:03:02,388.3333333333333,120.25308958839916,3.0,17.0,2.0,70.16666666666667,,0.0,466.0,173.6679462524837,32.0,99.996,187.0,466.0,466.0
00:03:03,,,1.0,,1.0,,109169.66666666667,0.0,,,,99.998,,,
00:03:04,368.0,220.94066060868943,0.0,63.0,0.0,219.28571428571428,,0.0,466.0,154.95160534825058,454.5,100.0,495.40000000000003,294.5,466.0
00:03:05,294.5,476.5,0.0,490.5,0.0,490.5,97918.0,0.0,380.25,171.5,728.75,100.0,871.7,208.75,431.7
00:03:06,,,4.0,,4.0,,,0.0,,,,99.996,,,
00:03:07,283.85714285714283,354.7552188567808,0.0,21.0,0.0,170.85714285714286,,0.0,466.0,213.71839186276918,62.5,100.0,468.80000000000035,61.5,466.0
00:03:08,466.0,0.0,0.0,21.0,0.0,21.0,,0.0,466.0,0.0,21.0,100.0,21.0,466.0,466.0
00:03:09,466.0,1210.11300479542,0.0,311.0,0.0,960.625,,0.0,466.0,0.0,1465.5,100.0,2967.6,466.0,466.0
00:03:10,466.0,429.0302553433732,0.0,493.0,0.0,513.2,,0.0,466.0,0.0,964.0,100.0,1003.6,466.0,466.0
00:03:11,466.0,408.21585895209904,0.0,41.0,1.0,267.75,70350.75,0.0,466.0,0.0,291.5,100.0,701.0000000000001,466.0,466.0
00:03:12,466.0,917.5164848655309,2.0,198.5,1.0,660.0,,0.0,466.0,0.0,838.5,99.994,1672.8000000000004,466.0,466.0
00:03:13,466.0,0.0,0.0,336.0,0.0,336.0,,0.0,466.0,0.0,336.0,100.0,336.0,466.0,466.0
00:03:14,,,0.0,,0.0,,,0.0,,,,100.0,,,
00:03:15,466.0,3687.5123982842415,0.0,1409.5,0.0,2969.25,,0.0,466.0,0.0,4364.0,100.0,7172.000000000001,466.0,466.0
00:03:16,466.0,116.88524286666816,0.0,23.0,0.0,87.2,59015.0,0.0,466.0,0.0,65.0,100.0,216.8,466.0,466.0
00:03:17,466.0,731.747831489024,1.0,340.0,2.0,542.6666666666666,,0.0,466.0,0.0,370.5,99.999,1260.5,466.0,466.0
00:03:18,466.0,3.905124837953327,1.0,21.0,0.0,19.5,,0.0,466.0,0.0,22.25,99.999,22.7,466.0,466.0
00:03:19,,,0.0,,0.0,,,0.0,,,,100.0,,,
00:03:20,,,0.0,,0.0,,,0.0,,,,100.0,,,
00:03:21,,,0.0,,0.0,,54442.5,0.0,,,,100.0,,,
00:03:22,,,1.0,,1.0,,,0.0,,,,99.998,,,
00:03:23,,,1.0,,2.0,,74701.0,0.0,,,,99.998,,,
00:03:24,,,1.0,,0.0,,,0.0,,,,99.998,,,
00:03:25,263.75,405.8983862988371,1.0,48.5,1.0,266.0,79338.5,0.0,466.0,206.87239424340794,303.25,99.999,701.5000000000001,92.25,466.0
00:03:26,408.8333333333333,1673.3541333368607,0.0,2287.0,0.0,2573.8333333333335,,0.0,466.0,127.82855271373789,3872.5,100.0,4905.999999999999,466.0,466.0
00:03:27,,,0.0,,0.0,,,0.0,,,,100.0,,,
00:03:28,417.0,834.1230516573214,0.0,30.0,0.0,432.14285714285717,,0.0,466.0,120.02499739637572,244.5,100.0,1236.2000000000007,466.0,466.0
00:03:29,466.0,3425.2331307518325,0.0,31.0,0.0,2444.0,,0.0,466.0,0.0,3659.5,100.0,5836.6,466.0,466.0
00:03:30,466.0,22.482709405723817,1.0,33.0,1.0,38.833333333333336,28274.0,0.0,466.0,0.0,55.5,99.998,68.5,466.0,466.0
00:03:31,466.0,2357.939235858295,0.0,25.0,0.0,1409.6,,0.0,466.0,0.0,923.0,100.0,4013.0000000000005,466.0,466.0
00:03:32,,,0.0,,1.0,,52080.0,2.0,,,,100.0,,,
00:03:33,294.5,147.38894124051507,1.0,187.5,1.0,189.0,197190.0,0.0,466.0,171.5,318.25,99.993,345.7,123.0,466.0
00:03:34,,,1.0,,1.0,,,2.0,,,,99.999,,,
00:03:35,123.0,1.0,3.0,17.0,2.0,17.0,141093.0,4.0,123.0,0.0,17.5,99.995,17.8,123.0,123.0
00:03:36,123.0,482.496516970733,1.0,25.0,2.0,361.6666666666667,155935.5,0.0,123.0,0.0,534.5,99.999,840.2,123.0,123.0
00:03:37,,,4.0,,3.0,,120633.0,1.0,,,,99.997,,,
00:03:38,123.0,0.816496580927726,7.0,16.0,7.0,16.0,140871.7142857143,9.0,123.0,0.0,16.5,99.994,16.8,123.0,123.0
00:03:39,98.4,176.85632586933383,3.0,43.0,5.0,160.2,71819.25,5.0,123.0,49.2,314.0,99.998,383.0,123.0,123.0
00:03:40,123.0,996.7291817381465,4.0,65.0,3.0,737.7777777777778,114507.6,3.0,123.0,0.0,1152.0,99.995,2299.8,123.0,123.0
00:03:41,123.0,781.5314635837949,5.0,22.0,5.0,390.0,,3.0,123.0,0.0,182.0,99.995,1111.0000000000007,123.0,123.0
00:03:42,61.5,8.0,2.0,8.0,1.0,8.0,47081.8,2.0,92.25,61.5,12.0,99.997,14.4,30.75,110.7
00:03:43,,,4.0,,5.0,,148641.75,5.0,,,,99.998,,,
00:03:44,98.4,27.021472942828265,2.0,17.0,2.0,28.2,140179.66666666666,3.0,123.0,49.2,29.0,99.998,59.0,123.0,123.0
00:03:45,123.0,1013.6473645167914,6.0,347.0,5.0,811.1428571428571,135859.5,3.0,123.0,0.0,1074.5,99.989,1910.8000000000006,123.0,123.0
00:03:46,,,2.0,,2.0,,,6.0,,,,99.997,,,
00:03:47,98.4,205.32160139644344,2.0,32.0,2.0,124.2,113727.33333333333,0.0,123.0,49.2,38.0,99.997,335.6,123.0,123.0
00:03:48,123.0,426.6406242052228,4.0,26.0,5.0,322.6666666666667,60514.4,5.0,123.0,0.0,476.0,99.996,746.0,123.0,123.0
00:03:49,,,4.0,,3.0,,,1.0,,,,99.994,,,
00:03:50,123.0,788.7188803510553,0.0,56.0,1.0,547.1666666666666,66488.5,1.0,123.0,0.0,782.0,100.0,1567.0,123.0,123.0
00:03:51,,,2.0,,1.0,,,2.0,,,,99.998,,,
00:03:52,123.0,1479.0344447946063,3.0,23.0,3.0,1065.3333333333333,20021.5,6.0,123.0,0.0,1590.0,99.993,2530.2000000000003,123.0,123.0
00:03:53,123.0,434.6725459725082,2.0,30.0,3.0,330.3333333333333,42177.75,0.0,123.0,0.0,487.5,99.999,762.0,123.0,123.0
00:03:54,123.0,442.1781943465276,2.0,23.0,2.0,334.6666666666667,53156.333333333336,1.0,123.0,0.0,491.5,99.997,772.6,123.0,123.0
00:03:55,,,5.0,,4.0,,,5.0,,,,99.994,,,
00:03:56,,,0.0,,0.0,,92239.8,0.0,,,,100.0,,,
00:03:57,123.0,2215.365583073518,2.0,17.0,5.0,1583.0,91022.6,10.0,123.0,0.0,2366.5,99.996,3776.2000000000003,123.0,123.0
00:03:58,123.0,1421.7569725128444,10.0,18.0,7.0,1021.3333333333334,68529.8,12.0,123.0,0.0,1525.0,99.932,2429.2000000000003,123.0,123.0
00:03:59,116.85,281.05878388693,13.0,183.5,13.0,258.6,,2.0,123.0,26.807228502775146,329.25,99.977,802.8000000000002,123.0,123.0
00:04:00,123.0,455.2434025392961,2.0,388.5,3.0,476.3333333333333,34597.27272727273,3.0,123.0,0.0,793.75,99.997,1011.5,123.0,123.0
00:04:01,,,3.0,,2.0,,,3.0,,,,99.997,,,
00:04:02,123.0,1094.6016018016176,0.0,29.0,0.0,802.0,16730.75,0.0,123.0,0.0,1189.5,100.0,1885.8000000000002,123.0,123.0
00:04:03,,,3.0,,3.0,,,3.0,,,,99.995,,,
00:04:04,123.0,169.67837222227234,3.0,180.0,4.0,196.5,48764.0,3.0,123.0,0.0,345.0,99.996,379.20000000000005,123.0,123.0
00:04:05,123.0,18.090052515125542,4.0,21.5,3.0,29.5,27227.25,3.0,123.0,0.0,34.5,99.995,49.800000000000004,123.0,123.0
00:04:06,,,3.0,,3.0,,93967.0,3.0,,,,99.993,,,
00:04:07,123.0,376.58822007598695,3.0,204.0,3.0,347.25,73682.0,4.0,123.0,0.0,506.75,99.995,778.1000000000001,123.0,123.0
00:04:08,123.0,375.0019999946667,2.0,79.5,2.0,275.0,19863.5,2.0,123.0,0.0,296.0,99.997,672.2000000000002,123.0,123.0
00:04:09,123.0,3588.7599752560773,6.0,79.0,6.0,1847.8,28170.833333333332,5.0,123.0,0.0,102.0,99.992,5455.800000000001,123.0,123.0
00:04:10,92.25,390.8471568273204,2.0,185.5,2.0,335.0,,3.0,123.0,53.26056233274298,502.5,99.997,782.4000000000001,92.25,123.0
00:04:11,123.0,1.0,1.0,29.0,1.0,29.0,79613.0,2.0,123.0,0.0,29.5,99.998,29.8,123.0,123.0
00:04:12,,,5.0,,6.0,,97542.0,5.0,,,,99.996,,,
00:04:13,123.0,21.16404183200049,2.0,33.0,1.0,36.5,51167.5,1.0,123.0,0.0,49.5,99.998,60.5,123.0,123.0
00:04:14,123.0,1460.8883142344134,2.0,26.0,2.0,1054.0,139670.0,3.0,123.0,0.0,1573.0,99.998,2501.2000000000003,123.0,123.0
00:04:15,,,3.0,,3.0,,,3.0,,,,99.999,,,
00:04:16,61.5,8.0,0.0,8.0,0.0,8.0,28656.0,2.0,92.25,61.5,12.0,100.0,14.4,30.75,110.7
00:04:17,123.0,24.682990094394967,7.0,17.0,7.0,35.0,33094.5,4.0,123.0,0.0,57.5,99.997,71.9,123.0,123.0
00:04:18,92.25,159.99589838492736,4.0,174.5,5.0,171.25,44706.25,4.0,123.0,53.26056233274298,328.5,99.997,333.0,92.25,123.0
00:04:19,,,7.0,,6.0,,,6.0,,,,99.994,,,
00:04:20,109.33333333333333,314.25070592257947,4.0,19.0,4.0,210.22222222222223,93042.625,6.0,123.0,38.65517070486459,387.0,99.996,549.6000000000001,123.0,123.0
00:04:21,123.0,180.84938484827643,4.0,195.0,4.0,201.0,21851.2,3.0,123.0,0.0,373.75,99.993,387.7,123.0,123.0
00:04:22,123.0,438.01090803261457,1.0,36.0,1.0,335.6666666666667,20046.5,1.0,123.0,0.0,495.5,99.998,771.2,123.0,123.0
00:04:23,123.0,3944.0241743047163,3.0,19.5,4.0,2295.75,,4.0,123.0,0.0,2296.75,99.997,6394.9000000000015,123.0,123.0
00:04:24,123.0,0.0,1.0,34.0,0.0,34.0,16455.25,1.0,123.0,0.0,34.0,99.998,34.0,123.0,123.0
00:04:25,,,4.0,,4.0,,,2.0,,,,99.995,,,
00:04:26,123.0,1056.6110395452476,3.0,60.5,5.0,571.3333333333334,44486.2,6.0,123.0,0.0,282.0,99.988,1634.5,123.0,123.0
00:04:27,123.0,3179.0313888712344,7.0,52.0,5.0,1398.0,22365.0,5.0,123.0,0.0,239.0,99.991,3926.200000000003,123.0,123.0
00:04:28,,,1.0,,2.0,,34982.5,3.0,,,,99.999,,,
00:04:29,,,6.0,,5.0,,32819.0,8.0,,,,99.997,,,
00:04:30,,,7.0,,7.0,,30371.0,2.0,,,,99.992,,,
00:04:31,,,1.0,,3.0,,,2.0,,,,99.996,,,
00:04:32,0.0,0.0,6.0,0.0,4.0,0.0,13679.0,6.0,0.0,0.0,0.0,99.987,0.0,0.0,0.0
00:04:33,123.0,1571.7818361940595,0.0,3102.0,0.0,2698.0476190476193,80511.33333333333,0.0,123.0,0.0,3834.0,100.0,4506.0,123.0,123.0
00:04:34,123.0,7.0,1.0,31.0,2.0,31.0,,3.0,123.0,0.0,34.5,99.998,36.6,123.0,123.0
00:04:35,,,4.0,,4.0,,19223.8,2.0,,,,99.996,,,
00:04:36,123.0,1677.9830567943436,3.0,58.5,3.0,874.1666666666666,,4.0,123.0,0.0,384.0,99.997,2547.5,123.0,123.0
00:04:37,123.0,193.0,2.0,214.0,2.0,214.0,25692.5,2.0,123.0,0.0,310.5,99.996,368.40000000000003,123.0,123.0
00:04:38,,,3.0,,2.0,,,2.0,,,,99.992,,,
00:04:39,123.0,1052.1770573434871,0.0,37.0,0.0,621.8,22432.75,0.0,123.0,0.0,326.0,100.0,1758.2000000000003,123.0,123.0
00:04:40,,,1.0,,1.0,,,1.0,,,,99.997,,,
00:04:41,,,2.0,,2.0,,,3.0,,,,99.997,,,
00:04:42,123.0,7.039570693980959,1.0,35.0,2.0,33.333333333333336,30593.666666666668,2.0,123.0,0.0,38.0,99.999,39.8,123.0,123.0
00:04:43,123.0,50.594861399157914,8.0,41.0,7.0,62.4,23906.666666666668,6.0,123.0,0.0,56.0,99.993,119.0,123.0,123.0
00:04:44,123.0,18.286607121059937,2.0,17.0,3.0,30.0,21223.0,2.0,123.0,0.0,37.0,99.995,52.6,123.0,123.0
00:04:45,123.0,172.1501887887434,4.0,64.0,3.0,149.25,23649.8,4.0,123.0,0.0,161.0,99.996,332.00000000000006,123.0,123.0
00:04:46,123.0,371.7131790776324,5.0,376.0,6.0,454.75,22567.333333333332,5.0,123.0,0.0,555.75,99.997,850.5000000000001,123.0,123.0
00:04:47,,,4.0,,5.0,,26318.4,4.0,,,,99.995,,,
00:04:48,123.0,311.2916387810633,4.0,59.5,3.0,259.375,,4.0,123.0,0.0,460.75,99.992,619.3,123.0,123.0
00:04:49,123.0,0.4714045207910317,2.0,17.0,2.0,16.666666666666668,17064.666666666668,2.0,123.0,0.0,17.0,99.995,17.0,123.0,123.0
00:04:50,,,3.0,,2.0,,18050.75,3.0,,,,99.997,,,
00:04:51,123.0,393.18379925932857,5.0,24.0,5.0,249.0,,5.0,123.0,0.0,251.25,99.994,658.5000000000001,123.0,123.0
00:04:52,123.0,496.63492627885125,1.0,511.0,2.0,528.5,17109.166666666668,1.0,123.0,0.0,1006.75,99.999,1038.7,123.0,123.0
00:04:53,123.0,0.5,3.0,16.5,4.0,16.5,40234.333333333336,3.0,123.0,0.0,16.75,99.996,16.9,123.0,123.0
00:04:54,98.4,167.1889948531302,3.0,31.0,1.0,151.8,51879.666666666664,4.0,123.0,49.2,344.0,99.994,358.4,123.0,123.0
00:04:55,123.0,1869.7715602447267,3.0,472.5,3.0,1378.75,20456.333333333332,2.0,123.0,0.0,1829.25,99.997,3464.100000000001,123.0,123.0
00:04:56,,,4.0,,4.0,,,3.0,,,,99.996,,,
00:04:57,123.0,21.490463001061656,4.0,22.0,4.0,33.6,27859.0,5.0,123.0,0.0,34.0,99.996,58.60000000000001,123.0,123.0
00:04:58,123.0,166.50392054109582,2.0,37.0,2.0,147.66666666666666,28621.25,1.0,123.0,0.0,210.0,99.996,313.8,123.0,123.0
00:04:59,123.0,473.2901388741958,4.0,17.0,5.0,351.6666666666667,25539.2,6.0,123.0,0.0,519.0,99.998,820.2,123.0,123.0
00:05:00,123.0,1056.1427328833079,3.0,266.0,2.0,753.8333333333334,61402.25,3.0,123.0,0.0,823.25,100.0,1973.5,123.0,123.0
00:05:01,123.0,24.7146985927527,6.0,27.0,6.0,39.57142857142857,28116.166666666668,6.0,123.0,0.0,51.0,99.992,73.00000000000001,123.0,123.0
00:05:02,98.4,19.85346317396539,3.0,21.0,4.0,26.2,,1.0,123.0,49.2,29.0,99.975,48.2,123.0,123.0
00:05:03,,,2.0,,1.0,,,3.0,,,,99.999,,,
00:05:04,123.0,0.0,1.0,26.0,2.0,26.0,15459.6,1.0,123.0,0.0,26.0,99.997,26.0,123.0,123.0
00:05:05,123.0,1.5,4.0,18.5,4.0,18.5,29202.0,4.0,123.0,0.0,19.25,99.95,19.7,123.0,123.0
00:05:06,123.0,163.3462579920336,1.0,19.0,2.0,133.0,15621.666666666666,1.0,123.0,0.0,191.5,99.998,295.0,123.0,123.0
00:05:07,,,3.0,,1.0,,,4.0,,,,99.997,,,
00:05:08,,,0.0,,0.0,,45238.0,2.0,,,,100.0,,,
00:05:09,123.0,2114.53893056829,2.0,75.0,3.0,1551.6666666666667,25013.5,2.0,123.0,0.0,2308.5,99.881,3648.6000000000004,123.0,123.0
00:05:10,123.0,353.8765886576844,5.0,22.0,4.0,261.4,29806.0,6.0,123.0,0.0,319.0,99.993,685.6000000000001,123.0,123.0
00:05:11,123.0,148.53172546425145,9.0,75.0,11.0,138.57142857142858,,6.0,123.0,0.0,215.5,99.988,363.8,123.0,123.0
00:05:12,123.0,376.56115778921696,7.0,53.5,9.0,292.8333333333333,23835.090909090908,10.0,123.0,0.0,428.75,99.994,725.3000000000002,123.0,123.0
00:05:13,,,4.0,,0.0,,21183.428571428572,0.0,,,,99.99,,,
00:05:14,123.0,1390.5,2.0,1418.5,3.0,1418.5,,2.0,123.0,0.0,2113.75,99.996,2530.9,123.0,123.0
00:05:15,98.4,1291.2737277587585,2.0,34.0,2.0,1049.4,13831.333333333334,2.0,123.0,49.2,2156.0,99.946,2681.6,123.0,123.0
00:05:16,123.0,137.91939675042084,5.0,60.0,4.0,116.8,22783.4,4.0,123.0,0.0,90.0,99.989,268.80000000000007,123.0,123.0
00:05:17,123.0,368.9781685803225,2.0,350.0,3.0,426.6666666666667,166029.66666666666,4.0,123.0,0.0,631.0,100.0,799.6,123.0,123.0
00:05:18,,,4.0,,5.0,,34370.25,2.0,,,,99.992,,,
00:05:19,123.0,791.0020368002995,6.0,26.0,5.0,431.3333333333333,16561.666666666668,6.0,123.0,0.0,247.5,99.995,1252.0,123.0,123.0
00:05:20,,,2.0,,1.0,,,3.0,,,,99.998,,,
00:05:21,123.0,827.9916907795633,0.0,51.0,0.0,457.4,,0.0,123.0,0.0,71.0,100.0,1296.2000000000003,123.0,123.0
00:05:22,,,0.0,,0.0,,8131.0,0.0,,,,100.0,,,
00:05:23,123.0,0.0,1.0,322.0,1.0,322.0,16063.5,1.0,123.0,0.0,322.0,99.997,322.0,123.0,123.0
00:05:24,123.0,4239.112249830932,3.0,38.0,5.0,3026.0,,3.0,123.0,0.0,4529.5,99.998,7224.400000000001,123.0,123.0
00:05:25,123.0,139.8221727767095,4.0,18.0,2.0,90.6,18315.0,3.0,123.0,0.0,32.0,99.998,234.80000000000004,123.0,123.0
00:05:26,123.0,142.62849956754397,3.0,36.0,6.0,133.33333333333334,65174.333333333336,5.0,123.0,0.0,185.5,99.997,275.20000000000005,123.0,123.0
00:05:27,,,5.0,,2.0,,20484.0,4.0,,,,99.997,,,
00:05:28,123.0,259.5415958955327,1.0,36.0,1.0,167.6,11344.5,1.0,123.0,0.0,77.0,99.998,441.80000000000007,123.0,123.0
00:05:29,123.0,0.0,2.0,28.0,3.0,28.0,25644.0,1.0,123.0,0.0,28.0,99.998,28.0,123.0,123.0
00:05:30,123.0,435.3910426271996,3.0,33.0,3.0,252.2,20541.75,5.0,123.0,0.0,73.0,99.998,702.4000000000001,123.0,123.0
00:05:31,123.0,140.06962554387016,4.0,67.0,3.0,130.0,38074.0,3.0,123.0,0.0,161.75,99.995,285.50000000000006,123.0,123.0
00:05:32,,,6.0,,6.0,,20687.666666666668,6.0,,,,99.999,,,
00:05:33,,,2.0,,3.0,,,2.0,,,,99.999,,,
00:05:34,,,4.0,,3.0,,20695.666666666668,4.0,,,,99.997,,,
00:05:35,,,2.0,,2.0,,29474.25,2.0,,,,99.997,,,
00:05:36,,,3.0,,6.0,,24818.5,3.0,,,,99.998,,,
00:05:37,,,5.0,,3.0,,26824.0,5.0,,,,99.997,,,
00:05:38,102.5,688.0818144184116,5.0,47.0,4.0,484.5,20631.2,5.0,123.0,45.83939353874569,738.75,99.995,1393.5,123.0,123.0
00:05:39,123.0,1781.5480985648408,2.0,2364.5,2.0,2604.65,25490.4,2.0,123.0,0.0,4100.5,99.999,5447.900000000001,123.0,123.0
00:05:40,123.0,585.7922498633795,6.0,89.0,7.0,409.8,29827.75,5.0,123.0,0.0,376.0,99.995,1081.0,123.0,123.0
00:05:41,123.0,574.0704805741772,4.0,89.5,4.0,461.5,26618.25,5.0,123.0,0.0,947.0,99.998,1271.5,123.0,123.0
00:05:42,,,5.0,,5.0,,,5.0,,,,99.998,,,
00:05:43,123.0,425.51171807862386,2.0,321.0,1.0,467.3333333333333,15538.8,1.0,123.0,0.0,683.5,99.998,901.0,123.0,123.0
00:05:44,,,1.0,,2.0,,17652.5,1.0,,,,99.999,,,
00:05:45,123.0,1024.6160256408252,2.0,34.0,2.0,751.0,30658.0,2.0,123.0,0.0,1117.0,99.997,1766.8000000000002,123.0,123.0
00:05:46,123.0,986.938138329292,2.0,43.0,1.0,728.3333333333334,18020.5,3.0,123.0,0.0,1083.5,99.998,1707.8000000000002,123.0,123.0
00:05:47,,,2.0,,2.0,,,1.0,,,,99.996,,,
00:05:48,123.0,13.695092389449425,2.0,18.0,3.0,26.666666666666668,23868.5,4.0,123.0,0.0,32.0,99.999,40.400000000000006,123.0,123.0
00:05:49,123.0,127.74070416276872,4.0,17.5,4.0,90.75,21245.25,5.0,123.0,0.0,91.5,99.997,223.80000000000004,123.0,123.0
00:05:50,123.0,87.9752237848816,8.0,23.0,8.0,68.4,28523.1,7.0,123.0,0.0,65.25,99.997,152.39999999999995,123.0,123.0
00:05:51,,,2.0,,1.0,,58921.0,1.0,,,,99.998,,,
00:05:52,123.0,4238.423527681018,3.0,52.0,3.0,3031.0,,2.0,123.0,0.0,4538.5,99.998,7230.400000000001,123.0,123.0
00:05:53,123.0,1.5,0.0,27.5,0.0,27.5,52179.666666666664,1.0,123.0,0.0,28.25,99.999,28.7,123.0,123.0
00:05:54,123.0,34.5,4.0,368.5,5.0,368.5,11424.8,5.0,123.0,0.0,385.75,99.994,396.1,123.0,123.0
00:05:55,123.0,169.07584097084953,4.0,44.0,3.0,165.4,,2.0,123.0,0.0,361.0,99.995,374.2,123.0,123.0
00:05:56,,,4.0,,4.0,,38947.5,3.0,,,,99.994,,,
00:05:57,123.0,861.7083961526661,1.0,50.0,1.0,466.8,16641.333333333332,5.0,123.0,0.0,52.0,99.999,1334.8000000000002,123.0,123.0
00:05:58,,,7.0,,7.0,,12418.285714285714,4.0,,,,99.995,,,
00:05:59,123.0,352.1366527673912,1.0,64.5,2.0,253.66666666666666,28867.5,2.0,123.0,0.0,264.5,99.998,667.0,123.0,123.0
00:06:00,,,3.0,,2.0,,,4.0,,,,99.998,,,
00:06:01,123.0,1247.6581618732307,2.0,2184.0,2.0,1763.3333333333333,40432.0,1.0,123.0,0.0,2610.5,99.998,2866.4,123.0,123.0
00:06:02,123.0,1141.4064514886886,3.0,490.5,4.0,958.25,31733.0,3.0,123.0,0.0,1397.25,99.997,2259.9000000000005,123.0,123.0
00:06:03,123.0,411.2975656383101,2.0,629.0,2.0,571.75,,1.0,123.0,0.0,943.5,99.996,984.0,123.0,123.0
00:06:04,123.0,1101.5,1.0,1126.5,2.0,1126.5,29899.333333333332,8.0,123.0,0.0,1677.25,99.999,2007.7,123.0,123.0
00:06:05,123.0,340.1816916492322,7.0,30.5,5.0,211.5,26095.571428571428,1.0,123.0,0.0,166.75,99.987,583.5,123.0,123.0
00:06:06,123.0,0.0,2.0,924.0,2.0,924.0,22243.666666666668,2.0,123.0,0.0,924.0,99.997,924.0,123.0,123.0
00:06:07,107.625,775.4245510525186,5.0,41.5,6.0,446.625,,6.0,123.0,40.67842640761808,326.25,99.992,1453.7999999999997,123.0,123.0
00:06:08,,,1.0,,0.0,,24190.6,0.0,,,,99.998,,,
00:06:09,123.0,0.0,1.0,19.0,1.0,19.0,29714.0,1.0,123.0,0.0,19.0,99.997,19.0,123.0,123.0
00:06:10,,,4.0,,5.0,,16653.0,5.0,,,,99.994,,,
00:06:11,123.0,12.6237870704476,2.0,30.0,1.0,35.8,,1.0,123.0,0.0,36.0,99.998,50.400000000000006,123.0,123.0
00:06:12,,,4.0,,4.0,,32212.0,4.0,,,,99.994,,,
00:06:13,123.0,868.834299507104,2.0,32.0,2.0,469.6,14688.0,2.0,123.0,0.0,64.0,99.996,1349.8000000000002,123.0,123.0
00:06:14,123.0,155.5,2.0,179.5,3.0,179.5,15872.0,2.0,123.0,0.0,257.25,99.998,303.90000000000003,123.0,123.0
00:06:15,123.0,482.40180347921586,3.0,470.5,2.0,500.0,16116.5,3.0,123.0,0.0,950.25,99.994,1004.7,123.0,123.0
00:06:16,123.0,130.4116079956075,4.0,24.5,4.0,97.25,10526.75,3.0,123.0,0.0,102.5,99.997,234.80000000000004,123.0,123.0
00:06:17,,,5.0,,6.0,,,6.0,,,,99.992,,,
00:06:18,123.0,394.52736280263247,3.0,32.0,2.0,229.6,16538.833333333332,2.0,123.0,0.0,62.0,99.994,635.6000000000001,123.0,123.0
00:06:19,123.0,1410.270974749967,1.0,51.0,2.0,1031.6666666666667,28039.0,2.0,123.0,0.0,1538.5,99.999,2431.0,123.0,123.0
00:06:20,123.0,333.52661063249514,4.0,364.0,3.0,342.0,30196.25,5.0,123.0,0.0,378.0,99.995,709.2,123.0,123.0
00:06:21,123.0,15.104267241044463,5.0,33.5,5.0,33.833333333333336,9045.2,4.0,123.0,0.0,36.5,99.995,50.0,123.0,123.0
00:06:22,123.0,148.76659571288172,3.0,41.5,4.0,119.0,17722.75,3.0,123.0,0.0,129.25,99.997,277.30000000000007,123.0,123.0
00:06:23,,,3.0,,2.0,,,3.0,,,,99.998,,,
00:06:24,123.0,2.0,3.0,32.0,3.0,32.0,32105.0,3.0,123.0,0.0,33.0,99.998,33.6,123.0,123.0
00:06:25,123.0,137.20437310814842,4.0,28.0,6.0,96.6,27160.6,3.0,123.0,0.0,30.0,99.996,234.60000000000002,123.0,123.0
00:06:26,102.5,34.34829770971999,4.0,34.5,3.0,43.166666666666664,18094.166666666668,6.0,123.0,45.83939353874569,76.0,99.999,86.5,123.0,123.0
00:06:27,123.0,14.165686240583852,3.0,17.0,2.0,26.0,12635.0,1.0,123.0,0.0,31.5,99.993,40.2,123.0,123.0
00:06:28,,,4.0,,4.0,,,5.0,,,,99.997,,,
00:06:29,123.0,164.71996438400134,2.0,80.0,2.0,163.0,44105.5,2.0,123.0,0.0,236.5,99.998,330.4,123.0,123.0
00:06:30,123.0,1370.9211015469368,1.0,303.0,1.0,1140.0,12492.5,1.0,123.0,0.0,1688.0,99.997,2519.0,123.0,123.0
00:06:31,123.0,174.59435128319586,4.0,44.0,5.0,136.75,24076.0,5.0,123.0,0.0,155.25,99.997,324.9000000000001,123.0,123.0
00:06:32,,,4.0,,4.0,,13449.75,3.0,,,,99.948,,,
00:06:33,102.5,28.299980369054833,5.0,17.0,4.0,28.666666666666668,13999.333333333334,4.0,123.0,45.83939353874569,30.0,99.996,61.0,123.0,123.0
00:06:34,123.0,228.01711680388286,3.0,72.0,3.0,202.83333333333334,22262.571428571428,5.0,123.0,0.0,361.75,99.996,518.5,123.0,123.0
00:06:35,123.0,138.63140577324702,3.0,27.0,3.0,121.0,,2.0,123.0,0.0,172.0,99.997,259.0,123.0,123.0
00:06:36,,,3.0,,4.0,,25107.25,3.0,,,,99.996,,,
00:06:37,123.0,470.93152368470726,4.0,193.5,3.0,394.0,17239.6,4.0,123.0,0.0,569.5,99.995,930.4000000000001,123.0,123.0
00:06:38,123.0,140.4809200172354,3.0,18.0,3.0,116.33333333333333,8372.0,2.0,123.0,0.0,166.5,99.997,255.60000000000002,123.0,123.0
00:06:39,,,2.0,,2.0,,24096.5,3.0,,,,99.998,,,
00:06:40,98.4,3485.76333103669,2.0,31.0,4.0,2251.0,,2.0,123.0,49.2,2178.0,99.998,6282.6,123.0,123.0
00:06:41,,,6.0,,4.0,,27729.0,4.0,,,,99.961,,,
00:06:42,,,1.0,,3.0,,11398.25,3.0,,,,99.999,,,
00:06:43,,,3.0,,2.0,,13130.0,3.0,,,,99.996,,,
00:06:44,61.5,1061.0,9.0,1061.0,9.0,1061.0,10193.0,8.0,92.25,61.5,1591.5,99.995,1909.8,30.75,110.7
00:06:45,118.08,1692.8215735865372,6.0,1712.0,5.0,1995.0,17720.85714285714,8.0,123.0,24.102979068986453,3238.0,99.998,4224.6,123.0,123.0
00:06:46,123.0,212.70977880671117,9.0,360.0,9.0,388.5,33370.71428571428,8.0,123.0,0.0,582.25,99.994,669.4,123.0,123.0
00:06:47,,,4.0,,4.0,,,5.0,,,,99.995,,,
00:06:48,123.0,977.0421881884118,0.0,797.5,0.0,916.75,12162.0,0.0,123.0,0.0,1243.5,100.0,1887.5999999999997,123.0,123.0
00:06:49,0.0,0.0,2.0,0.0,2.0,0.0,45057.5,0.0,0.0,0.0,0.0,99.997,0.0,0.0,0.0
00:06:50,,,3.0,,3.0,,,4.0,,,,99.997,,,
00:06:51,123.0,149.7382902118077,1.0,28.0,1.0,128.33333333333334,10100.666666666666,1.0,123.0,0.0,184.0,99.998,277.6,123.0,123.0
00:06:52,123.0,0.0,3.0,17.0,3.0,17.0,8341.0,1.0,123.0,0.0,17.0,99.998,17.0,123.0,123.0
00:06:53,123.0,360.0183328665361,3.0,31.0,3.0,269.0,,6.0,123.0,0.0,334.0,99.997,701.8000000000001,123.0,123.0
00:06:54,,,0.0,,0.0,,,0.0,,,,100.0,,,
00:06:55,123.0,1532.0,2.0,1567.0,2.0,1567.0,22156.833333333332,1.0,123.0,0.0,2333.0,99.997,2792.6,123.0,123.0
00:06:56,123.0,175.51780536458404,4.0,18.5,6.0,119.0,32970.0,3.0,123.0,0.0,120.0,99.995,301.80000000000007,123.0,123.0
00:06:57,123.0,210.5,3.0,225.5,2.0,225.5,16138.75,4.0,123.0,0.0,330.75,99.997,393.90000000000003,123.0,123.0
00:06:58,123.0,381.5239179920441,2.0,167.5,1.0,325.0,14185.333333333334,2.0,123.0,0.0,476.75,99.998,760.7,123.0,123.0
00:06:59,123.0,1034.501168035429,3.0,24.0,3.0,752.0,,2.0,123.0,0.0,1119.5,99.999,1776.8000000000002,123.0,123.0
00:07:00,123.0,178.89731691671622,4.0,167.0,4.0,192.5,11437.333333333334,5.0,123.0,0.0,341.25,99.998,388.5,123.0,123.0
00:07:01,123.0,0.0,2.0,16.0,2.0,16.0,22429.0,3.0,123.0,0.0,16.0,99.999,16.0,123.0,123.0
00:07:02,,,3.0,,5.0,,,2.0,,,,99.998,,,
00:07:03,123.0,377.9559057174086,3.0,35.0,3.0,206.0,15691.6,3.0,123.0,0.0,68.0,99.997,563.0,123.0,123.0
00:07:04,,,3.0,,1.0,,,3.0,,,,99.996,,,
00:07:05,123.0,146.85669507682954,0.0,27.0,1.0,128.33333333333334,23738.0,0.0,123.0,0.0,181.5,100.0,274.20000000000005,123.0,123.0
00:07:06,123.0,1071.9517526456123,4.0,85.0,3.0,592.8,34396.75,4.0,123.0,0.0,89.0,99.997,1677.2000000000003,123.0,123.0
00:07:07,123.0,160.63796424119536,4.0,81.5,6.0,156.66666666666666,20542.714285714286,5.0,123.0,0.0,256.75,99.995,372.0,123.0,123.0
00:07:08,,,5.0,,3.0,,,3.0,,,,99.996,,,
00:07:09,123.0,5.5,1.0,34.5,1.0,34.5,19676.0,3.0,123.0,0.0,37.25,99.998,38.9,123.0,123.0
00:07:10,123.0,363.5,,393.5,5.0,393.5,19817.0,,123.0,0.0,575.25,99.996,684.3000000000001,123.0,123.0
00:07:11,123.0,191.8186643681996,,40.0,0.0,185.0,,,123.0,0.0,370.0,100.0,426.4,123.0,123.0
00:07:12,,,,,0.0,,,,,,,100.0,,,
00:07:13,123.0,837.1020009532889,,38.0,0.0,535.2,,,123.0,0.0,404.0,100.0,1472.0000000000002,123.0,123.0
00:07:14,123.0,20.34305778392226,,24.0,0.0,32.6,15932.25,,123.0,0.0,26.0,100.0,54.2,123.0,123.0
00:07:15,123.0,2.8613807855648994,,23.5,1.0,23.75,,,123.0,0.0,25.0,99.35,26.8,123.0,123.0
00:07:16,123.0,1.0,,25.0,0.0,25.0,,,123.0,0.0,25.5,99.0,25.8,123.0,123.0
00:07:17,,,,,0.0,,,,,,,99.0,,,
00:07:18,123.0,0.0,,21.0,0.0,21.0,,,123.0,0.0,21.0,99.0,21.0,123.0,123.0
00:07:19,,,,,0.0,,,,,,,99.0,,,
00:07:20,123.0,162.2686107687384,,36.0,0.0,143.42857142857142,,,123.0,0.0,242.0,99.0,396.2,123.0,123.0
00:07:21,123.0,876.5195091953174,,431.0,0.0,821.5,,,123.0,0.0,1001.75,99.0,2231.0,123.0,123.0
00:07:22,123.0,0.0,,20.0,1.0,20.0,3773.0,,123.0,0.0,20.0,98.903,20.0,123.0,123.0
00:07:23,123.0,872.0458703531598,,34.0,0.0,468.0,,,123.0,0.0,46.0,98.0,1345.6000000000001,123.0,123.0
00:07:24,,,,,0.0,,,,,,,98.0,,,
00:07:25,123.0,0.0,,20.0,0.0,20.0,162.0,,123.0,0.0,20.0,98.0,20.0,123.0,123.0
00:07:26,123.0,671.7342927080617,,925.0,2.0,1007.8,,,123.0,0.0,1043.0,97.519,1695.2,123.0,123.0
00:07:27,102.5,806.6699035747729,,51.0,1.0,418.0,668.0,,123.0,45.83939353874569,139.75,95.29,1190.5,123.0,123.0
00:07:28,,,,,2.0,,,,,,,93.475,,,
00:07:29,123.0,1.8708286933869707,,19.5,0.0,20.0,,,123.0,0.0,20.75,93.0,22.1,123.0,123.0
00:07:30,123.0,416.8764805071162,,321.0,0.0,451.0,,,123.0,0.0,667.5,93.0,875.4,123.0,123.0
00:07:31,123.0,173.0247252723019,,41.0,0.0,151.66666666666666,,,123.0,0.0,218.5,93.0,325.0,123.0,123.0
00:07:32,123.0,140.45570673901278,,66.0,0.0,117.83333333333333,,,123.0,0.0,82.5,93.0,255.5,123.0,123.0
00:07:33,123.0,422.6190824949684,,26.0,0.0,322.3333333333333,,,123.0,0.0,473.0,93.0,741.2,123.0,123.0
00:07:34,123.0,0.4714045207910317,,19.0,0.0,18.666666666666668,,,123.0,0.0,19.0,93.0,19.0,123.0,123.0
00:07:35,,,,,0.0,,,,,,,93.0,,,
00:07:36,123.0,0.0,,18.0,0.0,18.0,,,123.0,0.0,18.0,93.0,18.0,123.0,123.0
00:07:37,,,,,0.0,,,,,,,93.0,,,
00:07:38,123.0,409.6006439203923,,207.0,0.0,365.25,92.0,,123.0,0.0,542.25,93.0,834.3000000000002,123.0,123.0
00:07:39,123.0,337.7505588448375,,371.0,1.0,373.6,,,123.0,0.0,491.0,92.448,761.6,123.0,123.0
00:07:40,123.0,245.08333276663265,,101.0,0.0,190.6,,,123.0,0.0,113.0,92.0,450.80000000000007,123.0,123.0
00:07:41,123.0,27.839540226088506,,21.0,1.0,34.4,7149.0,,123.0,0.0,23.0,92.0,63.2,123.0,123.0
00:07:42,,,,,1.0,,,,,,,90.922,,,
00:07:43,123.0,200.57978462447306,,60.0,0.0,161.5,,,123.0,0.0,198.25,90.0,382.30000000000007,123.0,123.0
00:07:44,,,,,0.0,,,,,,,90.0,,,
00:07:45,123.0,1270.5117953888591,,87.0,0.0,950.6666666666666,241.5,,123.0,0.0,1417.0,90.0,2215.0,123.0,123.0
00:07:46,,,,,1.0,,,,,,,89.33,,,
00:07:47,,,,,0.0,,,,,,,89.0,,,
00:07:48,,,,,1.0,,103.0,,,,,89.0,,,
00:07:49,,,,,1.0,,111.0,,,,,88.036,,,
00:07:50,0.0,0.0,,0.0,1.0,0.0,,,0.0,0.0,0.0,87.051,0.0,0.0,0.0
00:07:51,123.0,1722.6946055762853,,1947.0,0.0,2561.714285714286,,,123.0,0.0,4349.5,86.0,4918.4,123.0,123.0
00:07:52,123.0,2414.6392006127544,,1375.0,0.0,2926.4444444444443,,,123.0,0.0,5534.0,86.0,6520.2,123.0,123.0
00:07:53,,,,,0.0,,,,,,,86.0,,,
00:07:54,123.0,1070.245999758934,,1061.0,0.0,1089.0,,,123.0,0.0,2130.25,86.0,2181.1,123.0,123.0
00:07:55,123.0,0.0,,389.0,0.0,389.0,,,123.0,0.0,389.0,86.0,389.0,123.0,123.0
00:07:56,,,,,0.0,,,,,,,86.0,,,
00:07:57,123.0,5.5,,25.5,0.0,25.5,,,123.0,0.0,28.25,86.0,29.9,123.0,123.0
00:07:58,,,,,0.0,,,,,,,86.0,,,
00:07:59,123.0,4875.561377933827,,201.0,0.0,2953.5,,,123.0,0.0,3118.0,86.0,8084.200000000002,123.0,123.0
00:08:00,123.0,142.04302947424847,,36.0,0.0,128.33333333333334,,,123.0,0.0,182.5,86.0,270.4,123.0,123.0
00:08:01,,,,,0.0,,,,,,,86.0,,,
00:08:02,123.0,22.050447211388303,,44.0,0.0,44.666666666666664,,,123.0,0.0,58.0,86.0,66.4,123.0,123.0
00:08:03,123.0,515.0,,538.0,0.0,538.0,,,123.0,0.0,795.5,86.0,950.0,123.0,123.0
00:08:04,123.0,6.128258770283411,,30.0,2.0,30.333333333333332,1889.0,,123.0,0.0,34.0,86.0,36.4,123.0,123.0
00:08:05,,,,,0.0,,,,,,,84.184,,,
00:08:06,123.0,19.6,,19.0,0.0,28.8,,,123.0,0.0,19.0,84.0,48.400000000000006,123.0,123.0
00:08:07,,,,,0.0,,3268.5,,,,,84.0,,,
00:08:09,98.4,25.12050954897213,,31.0,,31.4,,,123.0,49.2,32.0,,58.400000000000006,123.0,123.0
